"['Cynthia Chinasaokwu Onyedinmanasu Amarachukwu Owezuke Echimino Erivo ( ; born 8 January 1987) is a B']"
"['Oscar Zoroaster Phadrig Isaac Norman Henkle Emmannuel Ambroise Diggs, better known as the "Wizard of']"
"['The Hunt is a 2020 American action horror film directed by Craig Zobel and written by Nick Cuse and ']"
"['Interior Chinatown (stylized onscreen as INT. CHINATOWN) is an American action comedy-drama televisi']"
"['Ciaran Mullooly (born 4 September 1966) is an Irish Independent Ireland politician who has served as']"
"['The Count of Monte Cristo (French: Le Comte de Monte-Cristo) is a 2024 French historical action adve']"
"['The Campeonato Brasileiro Série A (; English: "Brazilian Championship A Series"), commonly referred ']"
"['Justin Scott Hartley (born January 29, 1977) is an American actor, television producer, and director']"
"['The Copa Libertadores is a seasonal association football competition that was established in 1960. I']"
"['Hamish James Hawk (born October 27, 1991) is a Scottish musician. Hawk began his career in 2012 whil']"
